-- set data
INSERT INTO "AFM_CALCULATOR"."BUNDLE" VALUES
('cf05b432-2976-41b6-bb42-3c4a9948f322', '1234567890', 10000, 0, 100, null, null, 'GLOBAL'),
('dcd4b697-91b4-44a5-bc32-e33e635e85ad', '1234567890', 20000, 10001, 100, 'BBT', 'WISP', 'PUBLIC'),
('6225c0c6-096c-43e6-bff1-54d17e15601a', '1234567890', 10000, 0, 100, 'CP', 'IO', 'PUBLIC'),
('4c2144be-4b4f-46cf-95a8-d9f902a07866', '1234567890', 20000, 10001, 100, 'CP', 'IO', 'GLOBAL'),
('cd4a504f-f18a-40ab-903f-260db6fb8c42', '1234567890', 20000, 0, 50, 'CP', 'IO', 'PRIVATE');

INSERT INTO "AFM_CALCULATOR"."CIBUNDLE" VALUES
('199028b3-2f12-4517-9675-3824c97d7433', '12345', 'cf05b432-2976-41b6-bb42-3c4a9948f322'),
('3df31d3c-9682-4df4-913d-3a9702456141', '123456', 'cf05b432-2976-41b6-bb42-3c4a9948f322'),
('86d9ad65-8649-468b-9e53-f944d336ff35', '12345', 'dcd4b697-91b4-44a5-bc32-e33e635e85ad');

INSERT INTO "AFM_CALCULATOR"."CIBUNDLEATTRIBUTE" VALUES
('4c2144be-4b4f-46cf-95a8-d9f902a07866-6f23af3a-a0d4-4987-9aae-240d14b98c79', 15, 'PO', 0),
('6225c0c6-096c-43e6-bff1-54d17e15601a-2fdd814a-0342-41de-9bb1-247632004e83', 15, 'CP', 1);

INSERT INTO "AFM_CALCULATOR"."TRANSFERCATEGORY" VALUES
(1659108301604, 't1'),
(1659108301605, 't2'),
(1659108301606, 't1');

INSERT INTO "AFM_CALCULATOR"."BUNDLE_TRANSFER_CATEGORY_LIST" VALUES
('cf05b432-2976-41b6-bb42-3c4a9948f322', 1659108301604),
('dcd4b697-91b4-44a5-bc32-e33e635e85ad', 1659108301605),
('6225c0c6-096c-43e6-bff1-54d17e15601a', 1659108301605),
-- ('4c2144be-4b4f-46cf-95a8-d9f902a07866', 1659108301606),
('cd4a504f-f18a-40ab-903f-260db6fb8c42', 1659108301606);

INSERT INTO "AFM_CALCULATOR"."CIBUNDLE_ATTRIBUTES" VALUES
('3df31d3c-9682-4df4-913d-3a9702456141', '4c2144be-4b4f-46cf-95a8-d9f902a07866-6f23af3a-a0d4-4987-9aae-240d14b98c79'),
('86d9ad65-8649-468b-9e53-f944d336ff35', '6225c0c6-096c-43e6-bff1-54d17e15601a-2fdd814a-0342-41de-9bb1-247632004e83');